run,env,variant,main,regulariser,lam,sigreg_weight,max_steps,seed,step,eval_set,success_rate,n_episodes
cube_epi_0.01,cube,epi: frozen CNN reservoir of o_t -> z_t (main method),True,epi,0.01,,60000.0,1.0,60000.0,n200,71.5,200
cube_epi_0.01,cube,epi: frozen CNN reservoir of o_t -> z_t (main method),True,epi,0.01,,60000.0,1.0,10000.0,paper50,50.0,50
cube_epi_0.01,cube,epi: frozen CNN reservoir of o_t -> z_t (main method),True,epi,0.01,,60000.0,1.0,20000.0,paper50,57.99999999999999,50
cube_epi_0.01,cube,epi: frozen CNN reservoir of o_t -> z_t (main method),True,epi,0.01,,60000.0,1.0,30000.0,paper50,62.0,50
cube_epi_0.01,cube,epi: frozen CNN reservoir of o_t -> z_t (main method),True,epi,0.01,,60000.0,1.0,40000.0,paper50,60.0,50
cube_epi_0.01,cube,epi: frozen CNN reservoir of o_t -> z_t (main method),True,epi,0.01,,60000.0,1.0,50000.0,paper50,70.0,50
cube_epi_0.01,cube,epi: frozen CNN reservoir of o_t -> z_t (main method),True,epi,0.01,,60000.0,1.0,60000.0,paper50,68.0,50
cube_epi_0.03,cube,epi: frozen CNN reservoir of o_t -> z_t (main method),True,epi,0.03,,60000.0,1.0,60000.0,n200,74.5,200
cube_epi_0.03,cube,epi: frozen CNN reservoir of o_t -> z_t (main method),True,epi,0.03,,60000.0,1.0,10000.0,paper50,66.0,50
cube_epi_0.03,cube,epi: frozen CNN reservoir of o_t -> z_t (main method),True,epi,0.03,,60000.0,1.0,20000.0,paper50,76.0,50
cube_epi_0.03,cube,epi: frozen CNN reservoir of o_t -> z_t (main method),True,epi,0.03,,60000.0,1.0,30000.0,paper50,76.0,50
cube_epi_0.03,cube,epi: frozen CNN reservoir of o_t -> z_t (main method),True,epi,0.03,,60000.0,1.0,40000.0,paper50,74.0,50
cube_epi_0.03,cube,epi: frozen CNN reservoir of o_t -> z_t (main method),True,epi,0.03,,60000.0,1.0,50000.0,paper50,76.0,50
cube_epi_0.03,cube,epi: frozen CNN reservoir of o_t -> z_t (main method),True,epi,0.03,,60000.0,1.0,60000.0,paper50,72.0,50
cube_epi_0.03_100k,cube,epi: frozen CNN reservoir of o_t -> z_t (main method),True,epi,0.03,,100000.0,1.0,100000.0,n200,75.0,200
cube_epi_0.03_100k,cube,epi: frozen CNN reservoir of o_t -> z_t (main method),True,epi,0.03,,100000.0,1.0,100000.0,paper50,78.0,50
cube_epi_0.03_100k,cube,epi: frozen CNN reservoir of o_t -> z_t (main method),True,epi,0.03,,100000.0,1.0,20000.0,paper50,70.0,50
cube_epi_0.03_100k,cube,epi: frozen CNN reservoir of o_t -> z_t (main method),True,epi,0.03,,100000.0,1.0,40000.0,paper50,82.0,50
cube_epi_0.03_100k,cube,epi: frozen CNN reservoir of o_t -> z_t (main method),True,epi,0.03,,100000.0,1.0,60000.0,paper50,70.0,50
cube_epi_0.03_100k,cube,epi: frozen CNN reservoir of o_t -> z_t (main method),True,epi,0.03,,100000.0,1.0,80000.0,paper50,74.0,50
cube_epi_0.03_seed2,cube,epi: frozen CNN reservoir of o_t -> z_t (main method),True,epi,0.03,,60000.0,2.0,60000.0,n200,69.5,200
cube_epi_0.03_seed2,cube,epi: frozen CNN reservoir of o_t -> z_t (main method),True,epi,0.03,,60000.0,2.0,10000.0,paper50,64.0,50
cube_epi_0.03_seed2,cube,epi: frozen CNN reservoir of o_t -> z_t (main method),True,epi,0.03,,60000.0,2.0,20000.0,paper50,68.0,50
cube_epi_0.03_seed2,cube,epi: frozen CNN reservoir of o_t -> z_t (main method),True,epi,0.03,,60000.0,2.0,30000.0,paper50,64.0,50
cube_epi_0.03_seed2,cube,epi: frozen CNN reservoir of o_t -> z_t (main method),True,epi,0.03,,60000.0,2.0,40000.0,paper50,66.0,50
cube_epi_0.03_seed2,cube,epi: frozen CNN reservoir of o_t -> z_t (main method),True,epi,0.03,,60000.0,2.0,50000.0,paper50,70.0,50
cube_epi_0.03_seed2,cube,epi: frozen CNN reservoir of o_t -> z_t (main method),True,epi,0.03,,60000.0,2.0,60000.0,paper50,66.0,50
cube_epi_0.03_seed3,cube,epi: frozen CNN reservoir of o_t -> z_t (main method),True,epi,0.03,,60000.0,3.0,60000.0,n200,75.5,200
cube_epi_0.03_seed3,cube,epi: frozen CNN reservoir of o_t -> z_t (main method),True,epi,0.03,,60000.0,3.0,10000.0,paper50,66.0,50
cube_epi_0.03_seed3,cube,epi: frozen CNN reservoir of o_t -> z_t (main method),True,epi,0.03,,60000.0,3.0,20000.0,paper50,70.0,50
cube_epi_0.03_seed3,cube,epi: frozen CNN reservoir of o_t -> z_t (main method),True,epi,0.03,,60000.0,3.0,30000.0,paper50,74.0,50
cube_epi_0.03_seed3,cube,epi: frozen CNN reservoir of o_t -> z_t (main method),True,epi,0.03,,60000.0,3.0,40000.0,paper50,70.0,50
cube_epi_0.03_seed3,cube,epi: frozen CNN reservoir of o_t -> z_t (main method),True,epi,0.03,,60000.0,3.0,50000.0,paper50,68.0,50
cube_epi_0.03_seed3,cube,epi: frozen CNN reservoir of o_t -> z_t (main method),True,epi,0.03,,60000.0,3.0,60000.0,paper50,74.0,50
cube_epi_0.1,cube,epi: frozen CNN reservoir of o_t -> z_t (main method),True,epi,0.1,,60000.0,1.0,60000.0,n200,61.0,200
cube_epi_0.1,cube,epi: frozen CNN reservoir of o_t -> z_t (main method),True,epi,0.1,,60000.0,1.0,10000.0,paper50,68.0,50
cube_epi_0.1,cube,epi: frozen CNN reservoir of o_t -> z_t (main method),True,epi,0.1,,60000.0,1.0,20000.0,paper50,62.0,50
cube_epi_0.1,cube,epi: frozen CNN reservoir of o_t -> z_t (main method),True,epi,0.1,,60000.0,1.0,30000.0,paper50,64.0,50
cube_epi_0.1,cube,epi: frozen CNN reservoir of o_t -> z_t (main method),True,epi,0.1,,60000.0,1.0,40000.0,paper50,64.0,50
cube_epi_0.1,cube,epi: frozen CNN reservoir of o_t -> z_t (main method),True,epi,0.1,,60000.0,1.0,50000.0,paper50,60.0,50
cube_epi_0.1,cube,epi: frozen CNN reservoir of o_t -> z_t (main method),True,epi,0.1,,60000.0,1.0,60000.0,paper50,64.0,50
cube_epi_0.3,cube,epi: frozen CNN reservoir of o_t -> z_t (main method),True,epi,0.3,,60000.0,1.0,60000.0,n200,54.0,200
cube_epi_0.3,cube,epi: frozen CNN reservoir of o_t -> z_t (main method),True,epi,0.3,,60000.0,1.0,10000.0,paper50,64.0,50
cube_epi_0.3,cube,epi: frozen CNN reservoir of o_t -> z_t (main method),True,epi,0.3,,60000.0,1.0,20000.0,paper50,60.0,50
cube_epi_0.3,cube,epi: frozen CNN reservoir of o_t -> z_t (main method),True,epi,0.3,,60000.0,1.0,30000.0,paper50,57.99999999999999,50
cube_epi_0.3,cube,epi: frozen CNN reservoir of o_t -> z_t (main method),True,epi,0.3,,60000.0,1.0,40000.0,paper50,52.0,50
cube_epi_0.3,cube,epi: frozen CNN reservoir of o_t -> z_t (main method),True,epi,0.3,,60000.0,1.0,50000.0,paper50,52.0,50
cube_epi_0.3,cube,epi: frozen CNN reservoir of o_t -> z_t (main method),True,epi,0.3,,60000.0,1.0,60000.0,paper50,50.0,50
cube_sigreg_0.09,cube,sigreg: LeWM's SIGReg (our control),True,sigreg,,0.09,60000.0,1.0,60000.0,n200,64.5,200
cube_sigreg_0.09,cube,sigreg: LeWM's SIGReg (our control),True,sigreg,,0.09,60000.0,1.0,10000.0,paper50,70.0,50
cube_sigreg_0.09,cube,sigreg: LeWM's SIGReg (our control),True,sigreg,,0.09,60000.0,1.0,20000.0,paper50,66.0,50
cube_sigreg_0.09,cube,sigreg: LeWM's SIGReg (our control),True,sigreg,,0.09,60000.0,1.0,30000.0,paper50,66.0,50
cube_sigreg_0.09,cube,sigreg: LeWM's SIGReg (our control),True,sigreg,,0.09,60000.0,1.0,40000.0,paper50,64.0,50
cube_sigreg_0.09,cube,sigreg: LeWM's SIGReg (our control),True,sigreg,,0.09,60000.0,1.0,50000.0,paper50,64.0,50
cube_sigreg_0.09,cube,sigreg: LeWM's SIGReg (our control),True,sigreg,,0.09,60000.0,1.0,60000.0,paper50,74.0,50
cube_sigreg_0.09_seed2,cube,sigreg: LeWM's SIGReg (our control),True,sigreg,,0.09,60000.0,2.0,60000.0,n200,63.5,200
cube_sigreg_0.09_seed2,cube,sigreg: LeWM's SIGReg (our control),True,sigreg,,0.09,60000.0,2.0,10000.0,paper50,57.99999999999999,50
cube_sigreg_0.09_seed2,cube,sigreg: LeWM's SIGReg (our control),True,sigreg,,0.09,60000.0,2.0,20000.0,paper50,60.0,50
cube_sigreg_0.09_seed2,cube,sigreg: LeWM's SIGReg (our control),True,sigreg,,0.09,60000.0,2.0,30000.0,paper50,66.0,50
cube_sigreg_0.09_seed2,cube,sigreg: LeWM's SIGReg (our control),True,sigreg,,0.09,60000.0,2.0,40000.0,paper50,66.0,50
cube_sigreg_0.09_seed2,cube,sigreg: LeWM's SIGReg (our control),True,sigreg,,0.09,60000.0,2.0,50000.0,paper50,66.0,50
cube_sigreg_0.09_seed2,cube,sigreg: LeWM's SIGReg (our control),True,sigreg,,0.09,60000.0,2.0,60000.0,paper50,72.0,50
pusht_epi_0.01_60k,pusht,epi: frozen CNN reservoir of o_t -> z_t (main method),True,epi,0.01,,60000.0,1.0,10000.0,paper50,0.0,50
pusht_epi_0.01_60k,pusht,epi: frozen CNN reservoir of o_t -> z_t (main method),True,epi,0.01,,60000.0,1.0,20000.0,paper50,4.0,50
pusht_epi_0.01_60k,pusht,epi: frozen CNN reservoir of o_t -> z_t (main method),True,epi,0.01,,60000.0,1.0,30000.0,paper50,18.0,50
pusht_epi_0.01_60k,pusht,epi: frozen CNN reservoir of o_t -> z_t (main method),True,epi,0.01,,60000.0,1.0,40000.0,paper50,12.0,50
pusht_epi_0.03,pusht,epi: frozen CNN reservoir of o_t -> z_t (main method),True,epi,0.03,,30000.0,1.0,30000.0,n200,22.0,200
pusht_epi_0.03,pusht,epi: frozen CNN reservoir of o_t -> z_t (main method),True,epi,0.03,,30000.0,1.0,10000.0,paper50,2.0,50
pusht_epi_0.03,pusht,epi: frozen CNN reservoir of o_t -> z_t (main method),True,epi,0.03,,30000.0,1.0,20000.0,paper50,14.000000000000002,50
pusht_epi_0.03,pusht,epi: frozen CNN reservoir of o_t -> z_t (main method),True,epi,0.03,,30000.0,1.0,30000.0,paper50,20.0,50
pusht_epi_0.05,pusht,epi: frozen CNN reservoir of o_t -> z_t (main method),True,epi,0.05,,30000.0,1.0,30000.0,n200,50.0,200
pusht_epi_0.05,pusht,epi: frozen CNN reservoir of o_t -> z_t (main method),True,epi,0.05,,30000.0,1.0,10000.0,paper50,0.0,50
pusht_epi_0.05,pusht,epi: frozen CNN reservoir of o_t -> z_t (main method),True,epi,0.05,,30000.0,1.0,20000.0,paper50,38.0,50
pusht_epi_0.05,pusht,epi: frozen CNN reservoir of o_t -> z_t (main method),True,epi,0.05,,30000.0,1.0,30000.0,paper50,52.0,50
pusht_epi_0.05_60k,pusht,epi: frozen CNN reservoir of o_t -> z_t (main method),True,epi,0.05,,60000.0,1.0,20000.0,n200,40.5,200
pusht_epi_0.05_60k,pusht,epi: frozen CNN reservoir of o_t -> z_t (main method),True,epi,0.05,,60000.0,1.0,40000.0,n200,80.0,200
pusht_epi_0.05_60k,pusht,epi: frozen CNN reservoir of o_t -> z_t (main method),True,epi,0.05,,60000.0,1.0,60000.0,n200,81.5,200
pusht_epi_0.05_60k,pusht,epi: frozen CNN reservoir of o_t -> z_t (main method),True,epi,0.05,,60000.0,1.0,10000.0,paper50,4.0,50
pusht_epi_0.05_60k,pusht,epi: frozen CNN reservoir of o_t -> z_t (main method),True,epi,0.05,,60000.0,1.0,20000.0,paper50,50.0,50
pusht_epi_0.05_60k,pusht,epi: frozen CNN reservoir of o_t -> z_t (main method),True,epi,0.05,,60000.0,1.0,30000.0,paper50,68.0,50
pusht_epi_0.05_60k,pusht,epi: frozen CNN reservoir of o_t -> z_t (main method),True,epi,0.05,,60000.0,1.0,40000.0,paper50,74.0,50
pusht_epi_0.05_60k,pusht,epi: frozen CNN reservoir of o_t -> z_t (main method),True,epi,0.05,,60000.0,1.0,50000.0,paper50,84.0,50
pusht_epi_0.05_60k,pusht,epi: frozen CNN reservoir of o_t -> z_t (main method),True,epi,0.05,,60000.0,1.0,60000.0,paper50,88.0,50
pusht_epi_0.1,pusht,epi: frozen CNN reservoir of o_t -> z_t (main method),True,epi,0.1,,30000.0,1.0,30000.0,n200,69.0,200
pusht_epi_0.1,pusht,epi: frozen CNN reservoir of o_t -> z_t (main method),True,epi,0.1,,30000.0,1.0,10000.0,paper50,8.0,50
pusht_epi_0.1,pusht,epi: frozen CNN reservoir of o_t -> z_t (main method),True,epi,0.1,,30000.0,1.0,20000.0,paper50,72.0,50
pusht_epi_0.1,pusht,epi: frozen CNN reservoir of o_t -> z_t (main method),True,epi,0.1,,30000.0,1.0,30000.0,paper50,72.0,50
pusht_epi_0.1_100k,pusht,epi: frozen CNN reservoir of o_t -> z_t (main method),True,epi,0.1,,100000.0,1.0,100000.0,n200,87.5,200
pusht_epi_0.1_100k,pusht,epi: frozen CNN reservoir of o_t -> z_t (main method),True,epi,0.1,,100000.0,1.0,40000.0,n200,82.5,200
pusht_epi_0.1_100k,pusht,epi: frozen CNN reservoir of o_t -> z_t (main method),True,epi,0.1,,100000.0,1.0,60000.0,n200,87.5,200
pusht_epi_0.1_100k,pusht,epi: frozen CNN reservoir of o_t -> z_t (main method),True,epi,0.1,,100000.0,1.0,80000.0,n200,87.5,200
pusht_epi_0.1_100k,pusht,epi: frozen CNN reservoir of o_t -> z_t (main method),True,epi,0.1,,100000.0,1.0,100000.0,paper50,92.0,50
pusht_epi_0.1_100k,pusht,epi: frozen CNN reservoir of o_t -> z_t (main method),True,epi,0.1,,100000.0,1.0,20000.0,paper50,72.0,50
pusht_epi_0.1_100k,pusht,epi: frozen CNN reservoir of o_t -> z_t (main method),True,epi,0.1,,100000.0,1.0,40000.0,paper50,84.0,50
pusht_epi_0.1_100k,pusht,epi: frozen CNN reservoir of o_t -> z_t (main method),True,epi,0.1,,100000.0,1.0,60000.0,paper50,88.0,50
pusht_epi_0.1_100k,pusht,epi: frozen CNN reservoir of o_t -> z_t (main method),True,epi,0.1,,100000.0,1.0,80000.0,paper50,94.0,50
pusht_epi_0.1_200k,pusht,epi: frozen CNN reservoir of o_t -> z_t (main method),True,epi,0.1,,200000.0,1.0,100000.0,n200,85.5,200
pusht_epi_0.1_200k,pusht,epi: frozen CNN reservoir of o_t -> z_t (main method),True,epi,0.1,,200000.0,1.0,150000.0,n200,81.5,200
pusht_epi_0.1_200k,pusht,epi: frozen CNN reservoir of o_t -> z_t (main method),True,epi,0.1,,200000.0,1.0,200000.0,n200,81.5,200
pusht_epi_0.1_200k,pusht,epi: frozen CNN reservoir of o_t -> z_t (main method),True,epi,0.1,,200000.0,1.0,100000.0,paper50,84.0,50
pusht_epi_0.1_200k,pusht,epi: frozen CNN reservoir of o_t -> z_t (main method),True,epi,0.1,,200000.0,1.0,125000.0,paper50,86.0,50
pusht_epi_0.1_200k,pusht,epi: frozen CNN reservoir of o_t -> z_t (main method),True,epi,0.1,,200000.0,1.0,150000.0,paper50,82.0,50
pusht_epi_0.1_200k,pusht,epi: frozen CNN reservoir of o_t -> z_t (main method),True,epi,0.1,,200000.0,1.0,175000.0,paper50,84.0,50
pusht_epi_0.1_200k,pusht,epi: frozen CNN reservoir of o_t -> z_t (main method),True,epi,0.1,,200000.0,1.0,200000.0,paper50,82.0,50
pusht_epi_0.1_200k,pusht,epi: frozen CNN reservoir of o_t -> z_t (main method),True,epi,0.1,,200000.0,1.0,25000.0,paper50,74.0,50
pusht_epi_0.1_200k,pusht,epi: frozen CNN reservoir of o_t -> z_t (main method),True,epi,0.1,,200000.0,1.0,50000.0,paper50,92.0,50
pusht_epi_0.1_200k,pusht,epi: frozen CNN reservoir of o_t -> z_t (main method),True,epi,0.1,,200000.0,1.0,75000.0,paper50,88.0,50
pusht_epi_0.1_60k,pusht,epi: frozen CNN reservoir of o_t -> z_t (main method),True,epi,0.1,,60000.0,1.0,20000.0,n200,64.5,200
pusht_epi_0.1_60k,pusht,epi: frozen CNN reservoir of o_t -> z_t (main method),True,epi,0.1,,60000.0,1.0,40000.0,n200,86.0,200
pusht_epi_0.1_60k,pusht,epi: frozen CNN reservoir of o_t -> z_t (main method),True,epi,0.1,,60000.0,1.0,60000.0,n200,88.5,200
pusht_epi_0.1_60k,pusht,epi: frozen CNN reservoir of o_t -> z_t (main method),True,epi,0.1,,60000.0,1.0,10000.0,paper50,14.000000000000002,50
pusht_epi_0.1_60k,pusht,epi: frozen CNN reservoir of o_t -> z_t (main method),True,epi,0.1,,60000.0,1.0,20000.0,paper50,72.0,50
pusht_epi_0.1_60k,pusht,epi: frozen CNN reservoir of o_t -> z_t (main method),True,epi,0.1,,60000.0,1.0,30000.0,paper50,76.0,50
pusht_epi_0.1_60k,pusht,epi: frozen CNN reservoir of o_t -> z_t (main method),True,epi,0.1,,60000.0,1.0,40000.0,paper50,86.0,50
pusht_epi_0.1_60k,pusht,epi: frozen CNN reservoir of o_t -> z_t (main method),True,epi,0.1,,60000.0,1.0,50000.0,paper50,88.0,50
pusht_epi_0.1_60k,pusht,epi: frozen CNN reservoir of o_t -> z_t (main method),True,epi,0.1,,60000.0,1.0,60000.0,paper50,92.0,50
pusht_epi_0.1_60k_seed2,pusht,epi: frozen CNN reservoir of o_t -> z_t (main method),True,epi,0.1,,60000.0,2.0,20000.0,n200,71.5,200
pusht_epi_0.1_60k_seed2,pusht,epi: frozen CNN reservoir of o_t -> z_t (main method),True,epi,0.1,,60000.0,2.0,40000.0,n200,86.0,200
pusht_epi_0.1_60k_seed2,pusht,epi: frozen CNN reservoir of o_t -> z_t (main method),True,epi,0.1,,60000.0,2.0,60000.0,n200,89.5,200
pusht_epi_0.1_60k_seed2,pusht,epi: frozen CNN reservoir of o_t -> z_t (main method),True,epi,0.1,,60000.0,2.0,10000.0,paper50,30.0,50
pusht_epi_0.1_60k_seed2,pusht,epi: frozen CNN reservoir of o_t -> z_t (main method),True,epi,0.1,,60000.0,2.0,20000.0,paper50,72.0,50
pusht_epi_0.1_60k_seed2,pusht,epi: frozen CNN reservoir of o_t -> z_t (main method),True,epi,0.1,,60000.0,2.0,30000.0,paper50,82.0,50
pusht_epi_0.1_60k_seed2,pusht,epi: frozen CNN reservoir of o_t -> z_t (main method),True,epi,0.1,,60000.0,2.0,40000.0,paper50,86.0,50
pusht_epi_0.1_60k_seed2,pusht,epi: frozen CNN reservoir of o_t -> z_t (main method),True,epi,0.1,,60000.0,2.0,50000.0,paper50,92.0,50
pusht_epi_0.1_60k_seed2,pusht,epi: frozen CNN reservoir of o_t -> z_t (main method),True,epi,0.1,,60000.0,2.0,60000.0,paper50,94.0,50
pusht_epi_0.1_60k_seed3,pusht,epi: frozen CNN reservoir of o_t -> z_t (main method),True,epi,0.1,,60000.0,3.0,20000.0,n200,73.5,200
pusht_epi_0.1_60k_seed3,pusht,epi: frozen CNN reservoir of o_t -> z_t (main method),True,epi,0.1,,60000.0,3.0,40000.0,n200,86.5,200
pusht_epi_0.1_60k_seed3,pusht,epi: frozen CNN reservoir of o_t -> z_t (main method),True,epi,0.1,,60000.0,3.0,60000.0,n200,90.0,200
pusht_epi_0.1_60k_seed3,pusht,epi: frozen CNN reservoir of o_t -> z_t (main method),True,epi,0.1,,60000.0,3.0,10000.0,paper50,28.000000000000004,50
pusht_epi_0.1_60k_seed3,pusht,epi: frozen CNN reservoir of o_t -> z_t (main method),True,epi,0.1,,60000.0,3.0,20000.0,paper50,70.0,50
pusht_epi_0.1_60k_seed3,pusht,epi: frozen CNN reservoir of o_t -> z_t (main method),True,epi,0.1,,60000.0,3.0,30000.0,paper50,82.0,50
pusht_epi_0.1_60k_seed3,pusht,epi: frozen CNN reservoir of o_t -> z_t (main method),True,epi,0.1,,60000.0,3.0,40000.0,paper50,90.0,50
pusht_epi_0.1_60k_seed3,pusht,epi: frozen CNN reservoir of o_t -> z_t (main method),True,epi,0.1,,60000.0,3.0,50000.0,paper50,80.0,50
pusht_epi_0.1_60k_seed3,pusht,epi: frozen CNN reservoir of o_t -> z_t (main method),True,epi,0.1,,60000.0,3.0,60000.0,paper50,90.0,50
pusht_epi_0.1_60k_sgtgt,pusht,ablation: stop-gradient on the prediction target,False,epi,0.1,,60000.0,1.0,10000.0,paper50,4.0,50
pusht_epi_0.1_60k_sgtgt,pusht,ablation: stop-gradient on the prediction target,False,epi,0.1,,60000.0,1.0,20000.0,paper50,2.0,50
pusht_epi_0.1_60k_sgtgt,pusht,ablation: stop-gradient on the prediction target,False,epi,0.1,,60000.0,1.0,30000.0,paper50,4.0,50
pusht_epi_0.1_60k_sgtgt,pusht,ablation: stop-gradient on the prediction target,False,epi,0.1,,60000.0,1.0,40000.0,paper50,0.0,50
pusht_epi_0.1_full,pusht,LeWM config budget (100 epochs),False,epi,0.1,,1393400.0,1.0,250000.0,n200,78.0,200
pusht_epi_0.1_full,pusht,LeWM config budget (100 epochs),False,epi,0.1,,1393400.0,1.0,100000.0,paper50,94.0,50
pusht_epi_0.1_full,pusht,LeWM config budget (100 epochs),False,epi,0.1,,1393400.0,1.0,150000.0,paper50,86.0,50
pusht_epi_0.1_full,pusht,LeWM config budget (100 epochs),False,epi,0.1,,1393400.0,1.0,200000.0,paper50,88.0,50
pusht_epi_0.1_full,pusht,LeWM config budget (100 epochs),False,epi,0.1,,1393400.0,1.0,250000.0,paper50,80.0,50
pusht_epi_0.1_full,pusht,LeWM config budget (100 epochs),False,epi,0.1,,1393400.0,1.0,50000.0,paper50,84.0,50
pusht_epi_0.1_predwhiten,pusht,ablation: whitened prediction loss,False,epi,0.1,,30000.0,1.0,10000.0,paper50,2.0,50
pusht_epi_0.1_seed2,pusht,epi: frozen CNN reservoir of o_t -> z_t (main method),True,epi,0.1,,30000.0,2.0,30000.0,n200,75.5,200
pusht_epi_0.1_seed2,pusht,epi: frozen CNN reservoir of o_t -> z_t (main method),True,epi,0.1,,30000.0,2.0,10000.0,paper50,14.000000000000002,50
pusht_epi_0.1_seed2,pusht,epi: frozen CNN reservoir of o_t -> z_t (main method),True,epi,0.1,,30000.0,2.0,20000.0,paper50,62.0,50
pusht_epi_0.1_seed2,pusht,epi: frozen CNN reservoir of o_t -> z_t (main method),True,epi,0.1,,30000.0,2.0,30000.0,paper50,74.0,50
pusht_epi_0.1_whitenout,pusht,ablation: batch-whitened projector output,False,epi,0.1,,30000.0,1.0,10000.0,paper50,16.0,50
pusht_epi_0.1_whitenout,pusht,ablation: batch-whitened projector output,False,epi,0.1,,30000.0,1.0,20000.0,paper50,34.0,50
pusht_epi_0.1_whitenout,pusht,ablation: batch-whitened projector output,False,epi,0.1,,30000.0,1.0,30000.0,paper50,30.0,50
pusht_epi_0.3,pusht,epi: frozen CNN reservoir of o_t -> z_t (main method),True,epi,0.3,,30000.0,1.0,30000.0,n200,66.0,200
pusht_epi_0.3,pusht,epi: frozen CNN reservoir of o_t -> z_t (main method),True,epi,0.3,,30000.0,1.0,10000.0,paper50,26.0,50
pusht_epi_0.3,pusht,epi: frozen CNN reservoir of o_t -> z_t (main method),True,epi,0.3,,30000.0,1.0,20000.0,paper50,62.0,50
pusht_epi_0.3,pusht,epi: frozen CNN reservoir of o_t -> z_t (main method),True,epi,0.3,,30000.0,1.0,30000.0,paper50,68.0,50
pusht_epi_0.3_60k,pusht,epi: frozen CNN reservoir of o_t -> z_t (main method),True,epi,0.3,,60000.0,1.0,20000.0,n200,60.5,200
pusht_epi_0.3_60k,pusht,epi: frozen CNN reservoir of o_t -> z_t (main method),True,epi,0.3,,60000.0,1.0,40000.0,n200,80.5,200
pusht_epi_0.3_60k,pusht,epi: frozen CNN reservoir of o_t -> z_t (main method),True,epi,0.3,,60000.0,1.0,60000.0,n200,83.5,200
pusht_epi_0.3_60k,pusht,epi: frozen CNN reservoir of o_t -> z_t (main method),True,epi,0.3,,60000.0,1.0,10000.0,paper50,26.0,50
pusht_epi_0.3_60k,pusht,epi: frozen CNN reservoir of o_t -> z_t (main method),True,epi,0.3,,60000.0,1.0,20000.0,paper50,64.0,50
pusht_epi_0.3_60k,pusht,epi: frozen CNN reservoir of o_t -> z_t (main method),True,epi,0.3,,60000.0,1.0,30000.0,paper50,82.0,50
pusht_epi_0.3_60k,pusht,epi: frozen CNN reservoir of o_t -> z_t (main method),True,epi,0.3,,60000.0,1.0,40000.0,paper50,86.0,50
pusht_epi_0.3_60k,pusht,epi: frozen CNN reservoir of o_t -> z_t (main method),True,epi,0.3,,60000.0,1.0,50000.0,paper50,82.0,50
pusht_epi_0.3_60k,pusht,epi: frozen CNN reservoir of o_t -> z_t (main method),True,epi,0.3,,60000.0,1.0,60000.0,paper50,84.0,50
pusht_epiapred_0.1,pusht,"ablation: action-pred epi, frozen MLP R(z_t,a_t) -> encoder z_t+1",False,epi,0.1,,30000.0,1.0,30000.0,n200,76.0,200
pusht_epiapred_0.1,pusht,"ablation: action-pred epi, frozen MLP R(z_t,a_t) -> encoder z_t+1",False,epi,0.1,,30000.0,1.0,10000.0,paper50,10.0,50
pusht_epiapred_0.1,pusht,"ablation: action-pred epi, frozen MLP R(z_t,a_t) -> encoder z_t+1",False,epi,0.1,,30000.0,1.0,20000.0,paper50,74.0,50
pusht_epiapred_0.1,pusht,"ablation: action-pred epi, frozen MLP R(z_t,a_t) -> encoder z_t+1",False,epi,0.1,,30000.0,1.0,30000.0,paper50,72.0,50
pusht_epiboth_0.03,pusht,ablation: mean of encoder and predictor epi,False,epi,0.03,,30000.0,1.0,30000.0,n200,30.5,200
pusht_epiboth_0.03,pusht,ablation: mean of encoder and predictor epi,False,epi,0.03,,30000.0,1.0,10000.0,paper50,0.0,50
pusht_epiboth_0.03,pusht,ablation: mean of encoder and predictor epi,False,epi,0.03,,30000.0,1.0,20000.0,paper50,18.0,50
pusht_epiboth_0.03,pusht,ablation: mean of encoder and predictor epi,False,epi,0.03,,30000.0,1.0,30000.0,paper50,32.0,50
pusht_epiboth_0.1,pusht,ablation: mean of encoder and predictor epi,False,epi,0.1,,30000.0,1.0,10000.0,paper50,40.0,50
pusht_epiboth_0.1,pusht,ablation: mean of encoder and predictor epi,False,epi,0.1,,30000.0,1.0,20000.0,paper50,72.0,50
pusht_epiboth_0.1,pusht,ablation: mean of encoder and predictor epi,False,epi,0.1,,30000.0,1.0,30000.0,paper50,84.0,50
pusht_epiboth_0.1_60k,pusht,ablation: mean of encoder and predictor epi,False,epi,0.1,,60000.0,1.0,20000.0,n200,70.5,200
pusht_epiboth_0.1_60k,pusht,ablation: mean of encoder and predictor epi,False,epi,0.1,,60000.0,1.0,40000.0,n200,84.0,200
pusht_epiboth_0.1_60k,pusht,ablation: mean of encoder and predictor epi,False,epi,0.1,,60000.0,1.0,60000.0,n200,86.5,200
pusht_epiboth_0.1_60k,pusht,ablation: mean of encoder and predictor epi,False,epi,0.1,,60000.0,1.0,10000.0,paper50,54.0,50
pusht_epiboth_0.1_60k,pusht,ablation: mean of encoder and predictor epi,False,epi,0.1,,60000.0,1.0,20000.0,paper50,84.0,50
pusht_epiboth_0.1_60k,pusht,ablation: mean of encoder and predictor epi,False,epi,0.1,,60000.0,1.0,30000.0,paper50,90.0,50
pusht_epiboth_0.1_60k,pusht,ablation: mean of encoder and predictor epi,False,epi,0.1,,60000.0,1.0,40000.0,paper50,92.0,50
pusht_epiboth_0.1_60k,pusht,ablation: mean of encoder and predictor epi,False,epi,0.1,,60000.0,1.0,50000.0,paper50,94.0,50
pusht_epiboth_0.1_60k,pusht,ablation: mean of encoder and predictor epi,False,epi,0.1,,60000.0,1.0,60000.0,paper50,94.0,50
pusht_epiboth_0.1_seed2,pusht,ablation: mean of encoder and predictor epi,False,epi,0.1,,30000.0,2.0,30000.0,n200,82.5,200
pusht_epiboth_0.1_seed2,pusht,ablation: mean of encoder and predictor epi,False,epi,0.1,,30000.0,2.0,10000.0,paper50,46.0,50
pusht_epiboth_0.1_seed2,pusht,ablation: mean of encoder and predictor epi,False,epi,0.1,,30000.0,2.0,20000.0,paper50,72.0,50
pusht_epiboth_0.1_seed2,pusht,ablation: mean of encoder and predictor epi,False,epi,0.1,,30000.0,2.0,30000.0,paper50,82.0,50
pusht_epiboth_0.3,pusht,ablation: mean of encoder and predictor epi,False,epi,0.3,,30000.0,1.0,30000.0,n200,54.0,200
pusht_epiboth_0.3,pusht,ablation: mean of encoder and predictor epi,False,epi,0.3,,30000.0,1.0,10000.0,paper50,16.0,50
pusht_epiboth_0.3,pusht,ablation: mean of encoder and predictor epi,False,epi,0.3,,30000.0,1.0,20000.0,paper50,52.0,50
pusht_epiboth_0.3,pusht,ablation: mean of encoder and predictor epi,False,epi,0.3,,30000.0,1.0,30000.0,paper50,57.99999999999999,50
pusht_epibothsum_0.1,pusht,ablation: sum of encoder and predictor epi,False,epi,0.1,,30000.0,1.0,30000.0,n200,74.0,200
pusht_epibothsum_0.1,pusht,ablation: sum of encoder and predictor epi,False,epi,0.1,,30000.0,1.0,10000.0,paper50,36.0,50
pusht_epibothsum_0.1,pusht,ablation: sum of encoder and predictor epi,False,epi,0.1,,30000.0,1.0,20000.0,paper50,72.0,50
pusht_epibothsum_0.1,pusht,ablation: sum of encoder and predictor epi,False,epi,0.1,,30000.0,1.0,30000.0,paper50,86.0,50
pusht_epifa_0.03,pusht,"ablation: full-anchor epi, frozen joint reservoir r(o_t,a_t) -> z_t+1",False,epi,0.03,,30000.0,1.0,30000.0,n200,40.0,200
pusht_epifa_0.03,pusht,"ablation: full-anchor epi, frozen joint reservoir r(o_t,a_t) -> z_t+1",False,epi,0.03,,30000.0,1.0,10000.0,paper50,4.0,50
pusht_epifa_0.03,pusht,"ablation: full-anchor epi, frozen joint reservoir r(o_t,a_t) -> z_t+1",False,epi,0.03,,30000.0,1.0,20000.0,paper50,28.000000000000004,50
pusht_epifa_0.03,pusht,"ablation: full-anchor epi, frozen joint reservoir r(o_t,a_t) -> z_t+1",False,epi,0.03,,30000.0,1.0,30000.0,paper50,42.0,50
pusht_epifa_0.1,pusht,"ablation: full-anchor epi, frozen joint reservoir r(o_t,a_t) -> z_t+1",False,epi,0.1,,30000.0,1.0,30000.0,n200,81.0,200
pusht_epifa_0.1,pusht,"ablation: full-anchor epi, frozen joint reservoir r(o_t,a_t) -> z_t+1",False,epi,0.1,,30000.0,1.0,10000.0,paper50,44.0,50
pusht_epifa_0.1,pusht,"ablation: full-anchor epi, frozen joint reservoir r(o_t,a_t) -> z_t+1",False,epi,0.1,,30000.0,1.0,20000.0,paper50,76.0,50
pusht_epifa_0.1,pusht,"ablation: full-anchor epi, frozen joint reservoir r(o_t,a_t) -> z_t+1",False,epi,0.1,,30000.0,1.0,30000.0,paper50,84.0,50
pusht_epifa_0.1_60k,pusht,"ablation: full-anchor epi, frozen joint reservoir r(o_t,a_t) -> z_t+1",False,epi,0.1,,60000.0,1.0,20000.0,n200,73.5,200
pusht_epifa_0.1_60k,pusht,"ablation: full-anchor epi, frozen joint reservoir r(o_t,a_t) -> z_t+1",False,epi,0.1,,60000.0,1.0,40000.0,n200,78.5,200
pusht_epifa_0.1_60k,pusht,"ablation: full-anchor epi, frozen joint reservoir r(o_t,a_t) -> z_t+1",False,epi,0.1,,60000.0,1.0,60000.0,n200,79.0,200
pusht_epifa_0.1_60k,pusht,"ablation: full-anchor epi, frozen joint reservoir r(o_t,a_t) -> z_t+1",False,epi,0.1,,60000.0,1.0,10000.0,paper50,57.99999999999999,50
pusht_epifa_0.1_60k,pusht,"ablation: full-anchor epi, frozen joint reservoir r(o_t,a_t) -> z_t+1",False,epi,0.1,,60000.0,1.0,20000.0,paper50,78.0,50
pusht_epifa_0.1_60k,pusht,"ablation: full-anchor epi, frozen joint reservoir r(o_t,a_t) -> z_t+1",False,epi,0.1,,60000.0,1.0,30000.0,paper50,94.0,50
pusht_epifa_0.1_60k,pusht,"ablation: full-anchor epi, frozen joint reservoir r(o_t,a_t) -> z_t+1",False,epi,0.1,,60000.0,1.0,40000.0,paper50,94.0,50
pusht_epifa_0.1_60k,pusht,"ablation: full-anchor epi, frozen joint reservoir r(o_t,a_t) -> z_t+1",False,epi,0.1,,60000.0,1.0,50000.0,paper50,94.0,50
pusht_epifa_0.1_60k,pusht,"ablation: full-anchor epi, frozen joint reservoir r(o_t,a_t) -> z_t+1",False,epi,0.1,,60000.0,1.0,60000.0,paper50,92.0,50
pusht_epifa_0.1_seed2,pusht,"ablation: full-anchor epi, frozen joint reservoir r(o_t,a_t) -> z_t+1",False,epi,0.1,,30000.0,2.0,30000.0,n200,78.0,200
pusht_epifa_0.1_seed2,pusht,"ablation: full-anchor epi, frozen joint reservoir r(o_t,a_t) -> z_t+1",False,epi,0.1,,30000.0,2.0,10000.0,paper50,40.0,50
pusht_epifa_0.1_seed2,pusht,"ablation: full-anchor epi, frozen joint reservoir r(o_t,a_t) -> z_t+1",False,epi,0.1,,30000.0,2.0,20000.0,paper50,80.0,50
pusht_epifa_0.1_seed2,pusht,"ablation: full-anchor epi, frozen joint reservoir r(o_t,a_t) -> z_t+1",False,epi,0.1,,30000.0,2.0,30000.0,paper50,86.0,50
pusht_epifa_0.3,pusht,"ablation: full-anchor epi, frozen joint reservoir r(o_t,a_t) -> z_t+1",False,epi,0.3,,30000.0,1.0,30000.0,n200,83.0,200
pusht_epifa_0.3,pusht,"ablation: full-anchor epi, frozen joint reservoir r(o_t,a_t) -> z_t+1",False,epi,0.3,,30000.0,1.0,10000.0,paper50,66.0,50
pusht_epifa_0.3,pusht,"ablation: full-anchor epi, frozen joint reservoir r(o_t,a_t) -> z_t+1",False,epi,0.3,,30000.0,1.0,20000.0,paper50,88.0,50
pusht_epifa_0.3,pusht,"ablation: full-anchor epi, frozen joint reservoir r(o_t,a_t) -> z_t+1",False,epi,0.3,,30000.0,1.0,30000.0,paper50,86.0,50
pusht_epifa_0.3_60k,pusht,"ablation: full-anchor epi, frozen joint reservoir r(o_t,a_t) -> z_t+1",False,epi,0.3,,60000.0,1.0,20000.0,n200,78.0,200
pusht_epifa_0.3_60k,pusht,"ablation: full-anchor epi, frozen joint reservoir r(o_t,a_t) -> z_t+1",False,epi,0.3,,60000.0,1.0,40000.0,n200,75.0,200
pusht_epifa_0.3_60k,pusht,"ablation: full-anchor epi, frozen joint reservoir r(o_t,a_t) -> z_t+1",False,epi,0.3,,60000.0,1.0,60000.0,n200,72.0,200
pusht_epifa_0.3_60k,pusht,"ablation: full-anchor epi, frozen joint reservoir r(o_t,a_t) -> z_t+1",False,epi,0.3,,60000.0,1.0,10000.0,paper50,72.0,50
pusht_epifa_0.3_60k,pusht,"ablation: full-anchor epi, frozen joint reservoir r(o_t,a_t) -> z_t+1",False,epi,0.3,,60000.0,1.0,20000.0,paper50,88.0,50
pusht_epifa_0.3_60k,pusht,"ablation: full-anchor epi, frozen joint reservoir r(o_t,a_t) -> z_t+1",False,epi,0.3,,60000.0,1.0,30000.0,paper50,82.0,50
pusht_epifa_0.3_60k,pusht,"ablation: full-anchor epi, frozen joint reservoir r(o_t,a_t) -> z_t+1",False,epi,0.3,,60000.0,1.0,40000.0,paper50,88.0,50
pusht_epifa_0.3_60k,pusht,"ablation: full-anchor epi, frozen joint reservoir r(o_t,a_t) -> z_t+1",False,epi,0.3,,60000.0,1.0,50000.0,paper50,86.0,50
pusht_epifa_0.3_60k,pusht,"ablation: full-anchor epi, frozen joint reservoir r(o_t,a_t) -> z_t+1",False,epi,0.3,,60000.0,1.0,60000.0,paper50,86.0,50
pusht_epipredmlp_0.03,pusht,"ablation: predictor epi, frozen MLP reservoir of z_t -> predicted z_t+1",False,epi,0.03,,30000.0,1.0,30000.0,n200,57.49999999999999,200
pusht_epipredmlp_0.03,pusht,"ablation: predictor epi, frozen MLP reservoir of z_t -> predicted z_t+1",False,epi,0.03,,30000.0,1.0,10000.0,paper50,2.0,50
pusht_epipredmlp_0.03,pusht,"ablation: predictor epi, frozen MLP reservoir of z_t -> predicted z_t+1",False,epi,0.03,,30000.0,1.0,20000.0,paper50,34.0,50
pusht_epipredmlp_0.03,pusht,"ablation: predictor epi, frozen MLP reservoir of z_t -> predicted z_t+1",False,epi,0.03,,30000.0,1.0,30000.0,paper50,56.00000000000001,50
pusht_epipredmlp_0.05,pusht,"ablation: predictor epi, frozen MLP reservoir of z_t -> predicted z_t+1",False,epi,0.05,,30000.0,1.0,30000.0,n200,70.0,200
pusht_epipredmlp_0.05,pusht,"ablation: predictor epi, frozen MLP reservoir of z_t -> predicted z_t+1",False,epi,0.05,,30000.0,1.0,10000.0,paper50,18.0,50
pusht_epipredmlp_0.05,pusht,"ablation: predictor epi, frozen MLP reservoir of z_t -> predicted z_t+1",False,epi,0.05,,30000.0,1.0,20000.0,paper50,57.99999999999999,50
pusht_epipredmlp_0.05,pusht,"ablation: predictor epi, frozen MLP reservoir of z_t -> predicted z_t+1",False,epi,0.05,,30000.0,1.0,30000.0,paper50,66.0,50
pusht_epipredmlp_0.1,pusht,"ablation: predictor epi, frozen MLP reservoir of z_t -> predicted z_t+1",False,epi,0.1,,30000.0,1.0,30000.0,n200,77.5,200
pusht_epipredmlp_0.1,pusht,"ablation: predictor epi, frozen MLP reservoir of z_t -> predicted z_t+1",False,epi,0.1,,30000.0,1.0,10000.0,paper50,22.0,50
pusht_epipredmlp_0.1,pusht,"ablation: predictor epi, frozen MLP reservoir of z_t -> predicted z_t+1",False,epi,0.1,,30000.0,1.0,20000.0,paper50,70.0,50
pusht_epipredmlp_0.1,pusht,"ablation: predictor epi, frozen MLP reservoir of z_t -> predicted z_t+1",False,epi,0.1,,30000.0,1.0,30000.0,paper50,76.0,50
pusht_epipredmlp_0.1_60k,pusht,"ablation: predictor epi, frozen MLP reservoir of z_t -> predicted z_t+1",False,epi,0.1,,60000.0,1.0,20000.0,n200,78.0,200
pusht_epipredmlp_0.1_60k,pusht,"ablation: predictor epi, frozen MLP reservoir of z_t -> predicted z_t+1",False,epi,0.1,,60000.0,1.0,40000.0,n200,83.0,200
pusht_epipredmlp_0.1_60k,pusht,"ablation: predictor epi, frozen MLP reservoir of z_t -> predicted z_t+1",False,epi,0.1,,60000.0,1.0,60000.0,n200,87.5,200
pusht_epipredmlp_0.1_60k,pusht,"ablation: predictor epi, frozen MLP reservoir of z_t -> predicted z_t+1",False,epi,0.1,,60000.0,1.0,10000.0,paper50,34.0,50
pusht_epipredmlp_0.1_60k,pusht,"ablation: predictor epi, frozen MLP reservoir of z_t -> predicted z_t+1",False,epi,0.1,,60000.0,1.0,20000.0,paper50,90.0,50
pusht_epipredmlp_0.1_60k,pusht,"ablation: predictor epi, frozen MLP reservoir of z_t -> predicted z_t+1",False,epi,0.1,,60000.0,1.0,30000.0,paper50,84.0,50
pusht_epipredmlp_0.1_60k,pusht,"ablation: predictor epi, frozen MLP reservoir of z_t -> predicted z_t+1",False,epi,0.1,,60000.0,1.0,40000.0,paper50,92.0,50
pusht_epipredmlp_0.1_60k,pusht,"ablation: predictor epi, frozen MLP reservoir of z_t -> predicted z_t+1",False,epi,0.1,,60000.0,1.0,50000.0,paper50,90.0,50
pusht_epipredmlp_0.1_60k,pusht,"ablation: predictor epi, frozen MLP reservoir of z_t -> predicted z_t+1",False,epi,0.1,,60000.0,1.0,60000.0,paper50,90.0,50
pusht_epipredmlp_0.1_seed2,pusht,"ablation: predictor epi, frozen MLP reservoir of z_t -> predicted z_t+1",False,epi,0.1,,30000.0,2.0,30000.0,n200,78.5,200
pusht_epipredmlp_0.1_seed2,pusht,"ablation: predictor epi, frozen MLP reservoir of z_t -> predicted z_t+1",False,epi,0.1,,30000.0,2.0,10000.0,paper50,48.0,50
pusht_epipredmlp_0.1_seed2,pusht,"ablation: predictor epi, frozen MLP reservoir of z_t -> predicted z_t+1",False,epi,0.1,,30000.0,2.0,20000.0,paper50,78.0,50
pusht_epipredmlp_0.1_seed2,pusht,"ablation: predictor epi, frozen MLP reservoir of z_t -> predicted z_t+1",False,epi,0.1,,30000.0,2.0,30000.0,paper50,80.0,50
pusht_epipredmlp_0.3,pusht,"ablation: predictor epi, frozen MLP reservoir of z_t -> predicted z_t+1",False,epi,0.3,,30000.0,1.0,30000.0,n200,39.0,200
pusht_epipredmlp_0.3,pusht,"ablation: predictor epi, frozen MLP reservoir of z_t -> predicted z_t+1",False,epi,0.3,,30000.0,1.0,10000.0,paper50,8.0,50
pusht_epipredmlp_0.3,pusht,"ablation: predictor epi, frozen MLP reservoir of z_t -> predicted z_t+1",False,epi,0.3,,30000.0,1.0,20000.0,paper50,36.0,50
pusht_epipredmlp_0.3,pusht,"ablation: predictor epi, frozen MLP reservoir of z_t -> predicted z_t+1",False,epi,0.3,,30000.0,1.0,30000.0,paper50,44.0,50
pusht_episig_0.1_0.09,pusht,ablation: epi + SIGReg,False,epi_sigreg,0.1,0.09,30000.0,1.0,10000.0,paper50,16.0,50
pusht_episig_0.1_0.09,pusht,ablation: epi + SIGReg,False,epi_sigreg,0.1,0.09,30000.0,1.0,20000.0,paper50,48.0,50
pusht_sigreg_0.09,pusht,sigreg: LeWM's SIGReg (our control),True,sigreg,,0.09,30000.0,1.0,30000.0,n200,83.5,200
pusht_sigreg_0.09,pusht,sigreg: LeWM's SIGReg (our control),True,sigreg,,0.09,30000.0,1.0,10000.0,paper50,50.0,50
pusht_sigreg_0.09,pusht,sigreg: LeWM's SIGReg (our control),True,sigreg,,0.09,30000.0,1.0,20000.0,paper50,74.0,50
pusht_sigreg_0.09,pusht,sigreg: LeWM's SIGReg (our control),True,sigreg,,0.09,30000.0,1.0,30000.0,paper50,84.0,50
pusht_sigreg_0.09_60k,pusht,sigreg: LeWM's SIGReg (our control),True,sigreg,,0.09,60000.0,1.0,20000.0,n200,78.0,200
pusht_sigreg_0.09_60k,pusht,sigreg: LeWM's SIGReg (our control),True,sigreg,,0.09,60000.0,1.0,40000.0,n200,85.5,200
pusht_sigreg_0.09_60k,pusht,sigreg: LeWM's SIGReg (our control),True,sigreg,,0.09,60000.0,1.0,60000.0,n200,88.0,200
pusht_sigreg_0.09_60k,pusht,sigreg: LeWM's SIGReg (our control),True,sigreg,,0.09,60000.0,1.0,10000.0,paper50,50.0,50
pusht_sigreg_0.09_60k,pusht,sigreg: LeWM's SIGReg (our control),True,sigreg,,0.09,60000.0,1.0,20000.0,paper50,70.0,50
pusht_sigreg_0.09_60k,pusht,sigreg: LeWM's SIGReg (our control),True,sigreg,,0.09,60000.0,1.0,30000.0,paper50,84.0,50
pusht_sigreg_0.09_60k,pusht,sigreg: LeWM's SIGReg (our control),True,sigreg,,0.09,60000.0,1.0,40000.0,paper50,94.0,50
pusht_sigreg_0.09_60k,pusht,sigreg: LeWM's SIGReg (our control),True,sigreg,,0.09,60000.0,1.0,50000.0,paper50,94.0,50
pusht_sigreg_0.09_60k,pusht,sigreg: LeWM's SIGReg (our control),True,sigreg,,0.09,60000.0,1.0,60000.0,paper50,92.0,50
pusht_sigreg_0.09_60k_seed2,pusht,sigreg: LeWM's SIGReg (our control),True,sigreg,,0.09,60000.0,2.0,20000.0,n200,68.0,200
pusht_sigreg_0.09_60k_seed2,pusht,sigreg: LeWM's SIGReg (our control),True,sigreg,,0.09,60000.0,2.0,40000.0,n200,88.0,200
pusht_sigreg_0.09_60k_seed2,pusht,sigreg: LeWM's SIGReg (our control),True,sigreg,,0.09,60000.0,2.0,60000.0,n200,86.5,200
pusht_sigreg_0.09_60k_seed2,pusht,sigreg: LeWM's SIGReg (our control),True,sigreg,,0.09,60000.0,2.0,10000.0,paper50,40.0,50
pusht_sigreg_0.09_60k_seed2,pusht,sigreg: LeWM's SIGReg (our control),True,sigreg,,0.09,60000.0,2.0,20000.0,paper50,72.0,50
pusht_sigreg_0.09_60k_seed2,pusht,sigreg: LeWM's SIGReg (our control),True,sigreg,,0.09,60000.0,2.0,30000.0,paper50,80.0,50
pusht_sigreg_0.09_60k_seed2,pusht,sigreg: LeWM's SIGReg (our control),True,sigreg,,0.09,60000.0,2.0,40000.0,paper50,88.0,50
pusht_sigreg_0.09_60k_seed2,pusht,sigreg: LeWM's SIGReg (our control),True,sigreg,,0.09,60000.0,2.0,50000.0,paper50,92.0,50
pusht_sigreg_0.09_60k_seed2,pusht,sigreg: LeWM's SIGReg (our control),True,sigreg,,0.09,60000.0,2.0,60000.0,paper50,86.0,50
pusht_sigreg_0.09_seed2,pusht,sigreg: LeWM's SIGReg (our control),True,sigreg,,0.09,30000.0,2.0,30000.0,n200,85.0,200
pusht_sigreg_0.09_seed2,pusht,sigreg: LeWM's SIGReg (our control),True,sigreg,,0.09,30000.0,2.0,10000.0,paper50,38.0,50
pusht_sigreg_0.09_seed2,pusht,sigreg: LeWM's SIGReg (our control),True,sigreg,,0.09,30000.0,2.0,20000.0,paper50,78.0,50
pusht_sigreg_0.09_seed2,pusht,sigreg: LeWM's SIGReg (our control),True,sigreg,,0.09,30000.0,2.0,30000.0,paper50,76.0,50
rch_epi_0.03,reacher,epi: frozen CNN reservoir of o_t -> z_t (main method),True,epi,0.03,,60000.0,1.0,60000.0,n200,51.0,200
rch_epi_0.03,reacher,epi: frozen CNN reservoir of o_t -> z_t (main method),True,epi,0.03,,60000.0,1.0,10000.0,paper50,36.0,50
rch_epi_0.03,reacher,epi: frozen CNN reservoir of o_t -> z_t (main method),True,epi,0.03,,60000.0,1.0,20000.0,paper50,40.0,50
rch_epi_0.03,reacher,epi: frozen CNN reservoir of o_t -> z_t (main method),True,epi,0.03,,60000.0,1.0,30000.0,paper50,50.0,50
rch_epi_0.03,reacher,epi: frozen CNN reservoir of o_t -> z_t (main method),True,epi,0.03,,60000.0,1.0,40000.0,paper50,56.00000000000001,50
rch_epi_0.03,reacher,epi: frozen CNN reservoir of o_t -> z_t (main method),True,epi,0.03,,60000.0,1.0,50000.0,paper50,54.0,50
rch_epi_0.03,reacher,epi: frozen CNN reservoir of o_t -> z_t (main method),True,epi,0.03,,60000.0,1.0,60000.0,paper50,50.0,50
rch_epi_0.1,reacher,epi: frozen CNN reservoir of o_t -> z_t (main method),True,epi,0.1,,60000.0,1.0,60000.0,n200,48.5,200
rch_epi_0.1,reacher,epi: frozen CNN reservoir of o_t -> z_t (main method),True,epi,0.1,,60000.0,1.0,10000.0,paper50,38.0,50
rch_epi_0.1,reacher,epi: frozen CNN reservoir of o_t -> z_t (main method),True,epi,0.1,,60000.0,1.0,20000.0,paper50,57.99999999999999,50
rch_epi_0.1,reacher,epi: frozen CNN reservoir of o_t -> z_t (main method),True,epi,0.1,,60000.0,1.0,30000.0,paper50,56.00000000000001,50
rch_epi_0.1,reacher,epi: frozen CNN reservoir of o_t -> z_t (main method),True,epi,0.1,,60000.0,1.0,40000.0,paper50,50.0,50
rch_epi_0.1,reacher,epi: frozen CNN reservoir of o_t -> z_t (main method),True,epi,0.1,,60000.0,1.0,50000.0,paper50,52.0,50
rch_epi_0.1,reacher,epi: frozen CNN reservoir of o_t -> z_t (main method),True,epi,0.1,,60000.0,1.0,60000.0,paper50,46.0,50
rch_epi_0.3,reacher,epi: frozen CNN reservoir of o_t -> z_t (main method),True,epi,0.3,,60000.0,1.0,60000.0,n200,57.49999999999999,200
rch_epi_0.3,reacher,epi: frozen CNN reservoir of o_t -> z_t (main method),True,epi,0.3,,60000.0,1.0,10000.0,paper50,46.0,50
rch_epi_0.3,reacher,epi: frozen CNN reservoir of o_t -> z_t (main method),True,epi,0.3,,60000.0,1.0,20000.0,paper50,60.0,50
rch_epi_0.3,reacher,epi: frozen CNN reservoir of o_t -> z_t (main method),True,epi,0.3,,60000.0,1.0,30000.0,paper50,57.99999999999999,50
rch_epi_0.3,reacher,epi: frozen CNN reservoir of o_t -> z_t (main method),True,epi,0.3,,60000.0,1.0,40000.0,paper50,62.0,50
rch_epi_0.3,reacher,epi: frozen CNN reservoir of o_t -> z_t (main method),True,epi,0.3,,60000.0,1.0,50000.0,paper50,62.0,50
rch_epi_0.3,reacher,epi: frozen CNN reservoir of o_t -> z_t (main method),True,epi,0.3,,60000.0,1.0,60000.0,paper50,57.99999999999999,50
rch_epi_0.3_100k,reacher,epi: frozen CNN reservoir of o_t -> z_t (main method),True,epi,0.3,,100000.0,1.0,100000.0,n200,61.0,200
rch_epi_0.3_100k,reacher,epi: frozen CNN reservoir of o_t -> z_t (main method),True,epi,0.3,,100000.0,1.0,60000.0,n200,59.5,200
rch_epi_0.3_100k,reacher,epi: frozen CNN reservoir of o_t -> z_t (main method),True,epi,0.3,,100000.0,1.0,100000.0,paper50,68.0,50
rch_epi_0.3_100k,reacher,epi: frozen CNN reservoir of o_t -> z_t (main method),True,epi,0.3,,100000.0,1.0,20000.0,paper50,46.0,50
rch_epi_0.3_100k,reacher,epi: frozen CNN reservoir of o_t -> z_t (main method),True,epi,0.3,,100000.0,1.0,40000.0,paper50,62.0,50
rch_epi_0.3_100k,reacher,epi: frozen CNN reservoir of o_t -> z_t (main method),True,epi,0.3,,100000.0,1.0,60000.0,paper50,70.0,50
rch_epi_0.3_100k,reacher,epi: frozen CNN reservoir of o_t -> z_t (main method),True,epi,0.3,,100000.0,1.0,80000.0,paper50,60.0,50
rch_epi_0.3_100k_seed2,reacher,epi: frozen CNN reservoir of o_t -> z_t (main method),True,epi,0.3,,100000.0,2.0,100000.0,n200,53.5,200
rch_epi_0.3_100k_seed2,reacher,epi: frozen CNN reservoir of o_t -> z_t (main method),True,epi,0.3,,100000.0,2.0,100000.0,paper50,60.0,50
rch_epi_0.3_100k_seed2,reacher,epi: frozen CNN reservoir of o_t -> z_t (main method),True,epi,0.3,,100000.0,2.0,20000.0,paper50,56.00000000000001,50
rch_epi_0.3_100k_seed2,reacher,epi: frozen CNN reservoir of o_t -> z_t (main method),True,epi,0.3,,100000.0,2.0,40000.0,paper50,56.00000000000001,50
rch_epi_0.3_100k_seed2,reacher,epi: frozen CNN reservoir of o_t -> z_t (main method),True,epi,0.3,,100000.0,2.0,60000.0,paper50,57.99999999999999,50
rch_epi_0.3_100k_seed2,reacher,epi: frozen CNN reservoir of o_t -> z_t (main method),True,epi,0.3,,100000.0,2.0,80000.0,paper50,52.0,50
rch_epi_0.3_100k_seed3,reacher,epi: frozen CNN reservoir of o_t -> z_t (main method),True,epi,0.3,,100000.0,3.0,100000.0,n200,60.5,200
rch_epi_0.3_100k_seed3,reacher,epi: frozen CNN reservoir of o_t -> z_t (main method),True,epi,0.3,,100000.0,3.0,100000.0,paper50,64.0,50
rch_epi_0.3_100k_seed3,reacher,epi: frozen CNN reservoir of o_t -> z_t (main method),True,epi,0.3,,100000.0,3.0,20000.0,paper50,52.0,50
rch_epi_0.3_100k_seed3,reacher,epi: frozen CNN reservoir of o_t -> z_t (main method),True,epi,0.3,,100000.0,3.0,40000.0,paper50,54.0,50
rch_epi_0.3_100k_seed3,reacher,epi: frozen CNN reservoir of o_t -> z_t (main method),True,epi,0.3,,100000.0,3.0,60000.0,paper50,50.0,50
rch_epi_0.3_100k_seed3,reacher,epi: frozen CNN reservoir of o_t -> z_t (main method),True,epi,0.3,,100000.0,3.0,80000.0,paper50,64.0,50
rch_epi_0.3_200k,reacher,epi: frozen CNN reservoir of o_t -> z_t (main method),True,epi,0.3,,200000.0,1.0,200000.0,n200,72.0,200
rch_epi_0.3_200k,reacher,epi: frozen CNN reservoir of o_t -> z_t (main method),True,epi,0.3,,200000.0,1.0,100000.0,paper50,60.0,50
rch_epi_0.3_200k,reacher,epi: frozen CNN reservoir of o_t -> z_t (main method),True,epi,0.3,,200000.0,1.0,120000.0,paper50,66.0,50
rch_epi_0.3_200k,reacher,epi: frozen CNN reservoir of o_t -> z_t (main method),True,epi,0.3,,200000.0,1.0,140000.0,paper50,82.0,50
rch_epi_0.3_200k,reacher,epi: frozen CNN reservoir of o_t -> z_t (main method),True,epi,0.3,,200000.0,1.0,160000.0,paper50,74.0,50
rch_epi_0.3_200k,reacher,epi: frozen CNN reservoir of o_t -> z_t (main method),True,epi,0.3,,200000.0,1.0,180000.0,paper50,70.0,50
rch_epi_0.3_200k,reacher,epi: frozen CNN reservoir of o_t -> z_t (main method),True,epi,0.3,,200000.0,1.0,20000.0,paper50,56.00000000000001,50
rch_epi_0.3_200k,reacher,epi: frozen CNN reservoir of o_t -> z_t (main method),True,epi,0.3,,200000.0,1.0,200000.0,paper50,76.0,50
rch_epi_0.3_200k,reacher,epi: frozen CNN reservoir of o_t -> z_t (main method),True,epi,0.3,,200000.0,1.0,40000.0,paper50,66.0,50
rch_epi_0.3_200k,reacher,epi: frozen CNN reservoir of o_t -> z_t (main method),True,epi,0.3,,200000.0,1.0,60000.0,paper50,60.0,50
rch_epi_0.3_200k,reacher,epi: frozen CNN reservoir of o_t -> z_t (main method),True,epi,0.3,,200000.0,1.0,80000.0,paper50,62.0,50
rch_epi_0.3_200k_seed2,reacher,epi: frozen CNN reservoir of o_t -> z_t (main method),True,epi,0.3,,200000.0,2.0,200000.0,n200,70.0,200
rch_epi_0.3_200k_seed2,reacher,epi: frozen CNN reservoir of o_t -> z_t (main method),True,epi,0.3,,200000.0,2.0,100000.0,paper50,64.0,50
rch_epi_0.3_200k_seed2,reacher,epi: frozen CNN reservoir of o_t -> z_t (main method),True,epi,0.3,,200000.0,2.0,120000.0,paper50,66.0,50
rch_epi_0.3_200k_seed2,reacher,epi: frozen CNN reservoir of o_t -> z_t (main method),True,epi,0.3,,200000.0,2.0,140000.0,paper50,66.0,50
rch_epi_0.3_200k_seed2,reacher,epi: frozen CNN reservoir of o_t -> z_t (main method),True,epi,0.3,,200000.0,2.0,160000.0,paper50,68.0,50
rch_epi_0.3_200k_seed2,reacher,epi: frozen CNN reservoir of o_t -> z_t (main method),True,epi,0.3,,200000.0,2.0,180000.0,paper50,74.0,50
rch_epi_0.3_200k_seed2,reacher,epi: frozen CNN reservoir of o_t -> z_t (main method),True,epi,0.3,,200000.0,2.0,20000.0,paper50,42.0,50
rch_epi_0.3_200k_seed2,reacher,epi: frozen CNN reservoir of o_t -> z_t (main method),True,epi,0.3,,200000.0,2.0,200000.0,paper50,70.0,50
rch_epi_0.3_200k_seed2,reacher,epi: frozen CNN reservoir of o_t -> z_t (main method),True,epi,0.3,,200000.0,2.0,40000.0,paper50,46.0,50
rch_epi_0.3_200k_seed2,reacher,epi: frozen CNN reservoir of o_t -> z_t (main method),True,epi,0.3,,200000.0,2.0,60000.0,paper50,57.99999999999999,50
rch_epi_0.3_200k_seed2,reacher,epi: frozen CNN reservoir of o_t -> z_t (main method),True,epi,0.3,,200000.0,2.0,80000.0,paper50,56.00000000000001,50
rch_epi_0.3_200k_seed3,reacher,epi: frozen CNN reservoir of o_t -> z_t (main method),True,epi,0.3,,200000.0,3.0,200000.0,n200,74.0,200
rch_epi_0.3_200k_seed3,reacher,epi: frozen CNN reservoir of o_t -> z_t (main method),True,epi,0.3,,200000.0,3.0,100000.0,paper50,62.0,50
rch_epi_0.3_200k_seed3,reacher,epi: frozen CNN reservoir of o_t -> z_t (main method),True,epi,0.3,,200000.0,3.0,120000.0,paper50,66.0,50
rch_epi_0.3_200k_seed3,reacher,epi: frozen CNN reservoir of o_t -> z_t (main method),True,epi,0.3,,200000.0,3.0,140000.0,paper50,66.0,50
rch_epi_0.3_200k_seed3,reacher,epi: frozen CNN reservoir of o_t -> z_t (main method),True,epi,0.3,,200000.0,3.0,160000.0,paper50,76.0,50
rch_epi_0.3_200k_seed3,reacher,epi: frozen CNN reservoir of o_t -> z_t (main method),True,epi,0.3,,200000.0,3.0,180000.0,paper50,76.0,50
rch_epi_0.3_200k_seed3,reacher,epi: frozen CNN reservoir of o_t -> z_t (main method),True,epi,0.3,,200000.0,3.0,20000.0,paper50,44.0,50
rch_epi_0.3_200k_seed3,reacher,epi: frozen CNN reservoir of o_t -> z_t (main method),True,epi,0.3,,200000.0,3.0,200000.0,paper50,72.0,50
rch_epi_0.3_200k_seed3,reacher,epi: frozen CNN reservoir of o_t -> z_t (main method),True,epi,0.3,,200000.0,3.0,40000.0,paper50,44.0,50
rch_epi_0.3_200k_seed3,reacher,epi: frozen CNN reservoir of o_t -> z_t (main method),True,epi,0.3,,200000.0,3.0,60000.0,paper50,68.0,50
rch_epi_0.3_200k_seed3,reacher,epi: frozen CNN reservoir of o_t -> z_t (main method),True,epi,0.3,,200000.0,3.0,80000.0,paper50,72.0,50
rch_epi_0.3_seed2,reacher,epi: frozen CNN reservoir of o_t -> z_t (main method),True,epi,0.3,,60000.0,2.0,60000.0,n200,50.5,200
rch_epi_0.3_seed2,reacher,epi: frozen CNN reservoir of o_t -> z_t (main method),True,epi,0.3,,60000.0,2.0,10000.0,paper50,50.0,50
rch_epi_0.3_seed2,reacher,epi: frozen CNN reservoir of o_t -> z_t (main method),True,epi,0.3,,60000.0,2.0,20000.0,paper50,50.0,50
rch_epi_0.3_seed2,reacher,epi: frozen CNN reservoir of o_t -> z_t (main method),True,epi,0.3,,60000.0,2.0,30000.0,paper50,54.0,50
rch_epi_0.3_seed2,reacher,epi: frozen CNN reservoir of o_t -> z_t (main method),True,epi,0.3,,60000.0,2.0,40000.0,paper50,60.0,50
rch_epi_0.3_seed2,reacher,epi: frozen CNN reservoir of o_t -> z_t (main method),True,epi,0.3,,60000.0,2.0,50000.0,paper50,56.00000000000001,50
rch_epi_0.3_seed2,reacher,epi: frozen CNN reservoir of o_t -> z_t (main method),True,epi,0.3,,60000.0,2.0,60000.0,paper50,50.0,50
rch_epi_0.3_seed3,reacher,epi: frozen CNN reservoir of o_t -> z_t (main method),True,epi,0.3,,60000.0,3.0,60000.0,n200,56.00000000000001,200
rch_epi_0.3_seed3,reacher,epi: frozen CNN reservoir of o_t -> z_t (main method),True,epi,0.3,,60000.0,3.0,10000.0,paper50,38.0,50
rch_epi_0.3_seed3,reacher,epi: frozen CNN reservoir of o_t -> z_t (main method),True,epi,0.3,,60000.0,3.0,20000.0,paper50,64.0,50
rch_epi_0.3_seed3,reacher,epi: frozen CNN reservoir of o_t -> z_t (main method),True,epi,0.3,,60000.0,3.0,30000.0,paper50,48.0,50
rch_epi_0.3_seed3,reacher,epi: frozen CNN reservoir of o_t -> z_t (main method),True,epi,0.3,,60000.0,3.0,40000.0,paper50,52.0,50
rch_epi_0.3_seed3,reacher,epi: frozen CNN reservoir of o_t -> z_t (main method),True,epi,0.3,,60000.0,3.0,50000.0,paper50,52.0,50
rch_epi_0.3_seed3,reacher,epi: frozen CNN reservoir of o_t -> z_t (main method),True,epi,0.3,,60000.0,3.0,60000.0,paper50,56.00000000000001,50
rch_epi_1.0,reacher,epi: frozen CNN reservoir of o_t -> z_t (main method),True,epi,1.0,,60000.0,1.0,60000.0,n200,53.5,200
rch_epi_1.0,reacher,epi: frozen CNN reservoir of o_t -> z_t (main method),True,epi,1.0,,60000.0,1.0,10000.0,paper50,38.0,50
rch_epi_1.0,reacher,epi: frozen CNN reservoir of o_t -> z_t (main method),True,epi,1.0,,60000.0,1.0,20000.0,paper50,52.0,50
rch_epi_1.0,reacher,epi: frozen CNN reservoir of o_t -> z_t (main method),True,epi,1.0,,60000.0,1.0,30000.0,paper50,46.0,50
rch_epi_1.0,reacher,epi: frozen CNN reservoir of o_t -> z_t (main method),True,epi,1.0,,60000.0,1.0,40000.0,paper50,48.0,50
rch_epi_1.0,reacher,epi: frozen CNN reservoir of o_t -> z_t (main method),True,epi,1.0,,60000.0,1.0,50000.0,paper50,54.0,50
rch_epi_1.0,reacher,epi: frozen CNN reservoir of o_t -> z_t (main method),True,epi,1.0,,60000.0,1.0,60000.0,paper50,46.0,50
rch_sigreg_0.09,reacher,sigreg: LeWM's SIGReg (our control),True,sigreg,,0.09,60000.0,1.0,60000.0,n200,50.0,200
rch_sigreg_0.09,reacher,sigreg: LeWM's SIGReg (our control),True,sigreg,,0.09,60000.0,1.0,10000.0,paper50,32.0,50
rch_sigreg_0.09,reacher,sigreg: LeWM's SIGReg (our control),True,sigreg,,0.09,60000.0,1.0,20000.0,paper50,40.0,50
rch_sigreg_0.09,reacher,sigreg: LeWM's SIGReg (our control),True,sigreg,,0.09,60000.0,1.0,30000.0,paper50,38.0,50
rch_sigreg_0.09,reacher,sigreg: LeWM's SIGReg (our control),True,sigreg,,0.09,60000.0,1.0,40000.0,paper50,48.0,50
rch_sigreg_0.09,reacher,sigreg: LeWM's SIGReg (our control),True,sigreg,,0.09,60000.0,1.0,50000.0,paper50,57.99999999999999,50
rch_sigreg_0.09,reacher,sigreg: LeWM's SIGReg (our control),True,sigreg,,0.09,60000.0,1.0,60000.0,paper50,50.0,50
rch_sigreg_0.09_200k,reacher,sigreg: LeWM's SIGReg (our control),True,sigreg,,0.09,200000.0,1.0,200000.0,n200,62.0,200
rch_sigreg_0.09_200k,reacher,sigreg: LeWM's SIGReg (our control),True,sigreg,,0.09,200000.0,1.0,100000.0,paper50,57.99999999999999,50
rch_sigreg_0.09_200k,reacher,sigreg: LeWM's SIGReg (our control),True,sigreg,,0.09,200000.0,1.0,120000.0,paper50,70.0,50
rch_sigreg_0.09_200k,reacher,sigreg: LeWM's SIGReg (our control),True,sigreg,,0.09,200000.0,1.0,140000.0,paper50,56.00000000000001,50
rch_sigreg_0.09_200k,reacher,sigreg: LeWM's SIGReg (our control),True,sigreg,,0.09,200000.0,1.0,160000.0,paper50,62.0,50
rch_sigreg_0.09_200k,reacher,sigreg: LeWM's SIGReg (our control),True,sigreg,,0.09,200000.0,1.0,180000.0,paper50,57.99999999999999,50
rch_sigreg_0.09_200k,reacher,sigreg: LeWM's SIGReg (our control),True,sigreg,,0.09,200000.0,1.0,20000.0,paper50,36.0,50
rch_sigreg_0.09_200k,reacher,sigreg: LeWM's SIGReg (our control),True,sigreg,,0.09,200000.0,1.0,200000.0,paper50,60.0,50
rch_sigreg_0.09_200k,reacher,sigreg: LeWM's SIGReg (our control),True,sigreg,,0.09,200000.0,1.0,40000.0,paper50,54.0,50
rch_sigreg_0.09_200k,reacher,sigreg: LeWM's SIGReg (our control),True,sigreg,,0.09,200000.0,1.0,60000.0,paper50,52.0,50
rch_sigreg_0.09_200k,reacher,sigreg: LeWM's SIGReg (our control),True,sigreg,,0.09,200000.0,1.0,80000.0,paper50,62.0,50
rch_sigreg_0.09_200k_seed2,reacher,sigreg: LeWM's SIGReg (our control),True,sigreg,,0.09,200000.0,2.0,200000.0,n200,63.0,200
rch_sigreg_0.09_200k_seed2,reacher,sigreg: LeWM's SIGReg (our control),True,sigreg,,0.09,200000.0,2.0,100000.0,paper50,48.0,50
rch_sigreg_0.09_200k_seed2,reacher,sigreg: LeWM's SIGReg (our control),True,sigreg,,0.09,200000.0,2.0,120000.0,paper50,54.0,50
rch_sigreg_0.09_200k_seed2,reacher,sigreg: LeWM's SIGReg (our control),True,sigreg,,0.09,200000.0,2.0,140000.0,paper50,50.0,50
rch_sigreg_0.09_200k_seed2,reacher,sigreg: LeWM's SIGReg (our control),True,sigreg,,0.09,200000.0,2.0,160000.0,paper50,57.99999999999999,50
rch_sigreg_0.09_200k_seed2,reacher,sigreg: LeWM's SIGReg (our control),True,sigreg,,0.09,200000.0,2.0,180000.0,paper50,44.0,50
rch_sigreg_0.09_200k_seed2,reacher,sigreg: LeWM's SIGReg (our control),True,sigreg,,0.09,200000.0,2.0,20000.0,paper50,44.0,50
rch_sigreg_0.09_200k_seed2,reacher,sigreg: LeWM's SIGReg (our control),True,sigreg,,0.09,200000.0,2.0,200000.0,paper50,60.0,50
rch_sigreg_0.09_200k_seed2,reacher,sigreg: LeWM's SIGReg (our control),True,sigreg,,0.09,200000.0,2.0,40000.0,paper50,44.0,50
rch_sigreg_0.09_200k_seed2,reacher,sigreg: LeWM's SIGReg (our control),True,sigreg,,0.09,200000.0,2.0,60000.0,paper50,42.0,50
rch_sigreg_0.09_200k_seed2,reacher,sigreg: LeWM's SIGReg (our control),True,sigreg,,0.09,200000.0,2.0,80000.0,paper50,48.0,50
tw_epi_0.01,tworoom,epi: frozen CNN reservoir of o_t -> z_t (main method),True,epi,0.01,,30000.0,1.0,10000.0,paper50,34.0,50
tw_epi_0.03,tworoom,epi: frozen CNN reservoir of o_t -> z_t (main method),True,epi,0.03,,30000.0,1.0,20000.0,n200,100.0,200
tw_epi_0.03,tworoom,epi: frozen CNN reservoir of o_t -> z_t (main method),True,epi,0.03,,30000.0,1.0,30000.0,n200,100.0,200
tw_epi_0.03,tworoom,epi: frozen CNN reservoir of o_t -> z_t (main method),True,epi,0.03,,30000.0,1.0,10000.0,paper50,76.0,50
tw_epi_0.03,tworoom,epi: frozen CNN reservoir of o_t -> z_t (main method),True,epi,0.03,,30000.0,1.0,20000.0,paper50,100.0,50
tw_epi_0.03,tworoom,epi: frozen CNN reservoir of o_t -> z_t (main method),True,epi,0.03,,30000.0,1.0,30000.0,paper50,100.0,50
tw_epi_0.03_seed2,tworoom,epi: frozen CNN reservoir of o_t -> z_t (main method),True,epi,0.03,,30000.0,2.0,30000.0,n200,100.0,200
tw_epi_0.03_seed2,tworoom,epi: frozen CNN reservoir of o_t -> z_t (main method),True,epi,0.03,,30000.0,2.0,10000.0,paper50,72.0,50
tw_epi_0.03_seed2,tworoom,epi: frozen CNN reservoir of o_t -> z_t (main method),True,epi,0.03,,30000.0,2.0,20000.0,paper50,100.0,50
tw_epi_0.03_seed2,tworoom,epi: frozen CNN reservoir of o_t -> z_t (main method),True,epi,0.03,,30000.0,2.0,30000.0,paper50,100.0,50
tw_epi_0.03_seed3,tworoom,epi: frozen CNN reservoir of o_t -> z_t (main method),True,epi,0.03,,30000.0,3.0,30000.0,n200,100.0,200
tw_epi_0.03_seed3,tworoom,epi: frozen CNN reservoir of o_t -> z_t (main method),True,epi,0.03,,30000.0,3.0,10000.0,paper50,80.0,50
tw_epi_0.03_seed3,tworoom,epi: frozen CNN reservoir of o_t -> z_t (main method),True,epi,0.03,,30000.0,3.0,20000.0,paper50,100.0,50
tw_epi_0.03_seed3,tworoom,epi: frozen CNN reservoir of o_t -> z_t (main method),True,epi,0.03,,30000.0,3.0,30000.0,paper50,100.0,50
tw_epi_0.1,tworoom,epi: frozen CNN reservoir of o_t -> z_t (main method),True,epi,0.1,,30000.0,1.0,10000.0,n200,97.0,200
tw_epi_0.1,tworoom,epi: frozen CNN reservoir of o_t -> z_t (main method),True,epi,0.1,,30000.0,1.0,20000.0,n200,92.0,200
tw_epi_0.1,tworoom,epi: frozen CNN reservoir of o_t -> z_t (main method),True,epi,0.1,,30000.0,1.0,30000.0,n200,91.5,200
tw_epi_0.1,tworoom,epi: frozen CNN reservoir of o_t -> z_t (main method),True,epi,0.1,,30000.0,1.0,10000.0,paper50,98.0,50
tw_epi_0.1,tworoom,epi: frozen CNN reservoir of o_t -> z_t (main method),True,epi,0.1,,30000.0,1.0,20000.0,paper50,94.0,50
tw_epi_0.1,tworoom,epi: frozen CNN reservoir of o_t -> z_t (main method),True,epi,0.1,,30000.0,1.0,30000.0,paper50,94.0,50
tw_epi_0.3,tworoom,epi: frozen CNN reservoir of o_t -> z_t (main method),True,epi,0.3,,30000.0,1.0,30000.0,n200,85.5,200
tw_epi_0.3,tworoom,epi: frozen CNN reservoir of o_t -> z_t (main method),True,epi,0.3,,30000.0,1.0,10000.0,paper50,92.0,50
tw_epi_0.3,tworoom,epi: frozen CNN reservoir of o_t -> z_t (main method),True,epi,0.3,,30000.0,1.0,20000.0,paper50,94.0,50
tw_epi_0.3,tworoom,epi: frozen CNN reservoir of o_t -> z_t (main method),True,epi,0.3,,30000.0,1.0,30000.0,paper50,90.0,50
tw_epiapred_0.1,tworoom,"ablation: action-pred epi, frozen MLP R(z_t,a_t) -> encoder z_t+1",False,epi,0.1,,30000.0,1.0,30000.0,n200,100.0,200
tw_epiapred_0.1,tworoom,"ablation: action-pred epi, frozen MLP R(z_t,a_t) -> encoder z_t+1",False,epi,0.1,,30000.0,1.0,10000.0,paper50,80.0,50
tw_epiapred_0.1,tworoom,"ablation: action-pred epi, frozen MLP R(z_t,a_t) -> encoder z_t+1",False,epi,0.1,,30000.0,1.0,20000.0,paper50,100.0,50
tw_epiapred_0.1,tworoom,"ablation: action-pred epi, frozen MLP R(z_t,a_t) -> encoder z_t+1",False,epi,0.1,,30000.0,1.0,30000.0,paper50,100.0,50
tw_epiboth_0.03,tworoom,ablation: mean of encoder and predictor epi,False,epi,0.03,,30000.0,1.0,30000.0,n200,99.0,200
tw_epiboth_0.03,tworoom,ablation: mean of encoder and predictor epi,False,epi,0.03,,30000.0,1.0,10000.0,paper50,44.0,50
tw_epiboth_0.03,tworoom,ablation: mean of encoder and predictor epi,False,epi,0.03,,30000.0,1.0,20000.0,paper50,100.0,50
tw_epiboth_0.03,tworoom,ablation: mean of encoder and predictor epi,False,epi,0.03,,30000.0,1.0,30000.0,paper50,100.0,50
tw_epiboth_0.1,tworoom,ablation: mean of encoder and predictor epi,False,epi,0.1,,30000.0,1.0,10000.0,n200,96.0,200
tw_epiboth_0.1,tworoom,ablation: mean of encoder and predictor epi,False,epi,0.1,,30000.0,1.0,20000.0,n200,89.5,200
tw_epiboth_0.1,tworoom,ablation: mean of encoder and predictor epi,False,epi,0.1,,30000.0,1.0,30000.0,n200,88.5,200
tw_epiboth_0.1,tworoom,ablation: mean of encoder and predictor epi,False,epi,0.1,,30000.0,1.0,10000.0,paper50,100.0,50
tw_epiboth_0.1,tworoom,ablation: mean of encoder and predictor epi,False,epi,0.1,,30000.0,1.0,20000.0,paper50,94.0,50
tw_epiboth_0.1,tworoom,ablation: mean of encoder and predictor epi,False,epi,0.1,,30000.0,1.0,30000.0,paper50,90.0,50
tw_epiboth_0.3,tworoom,ablation: mean of encoder and predictor epi,False,epi,0.3,,30000.0,1.0,30000.0,n200,80.0,200
tw_epiboth_0.3,tworoom,ablation: mean of encoder and predictor epi,False,epi,0.3,,30000.0,1.0,10000.0,paper50,92.0,50
tw_epiboth_0.3,tworoom,ablation: mean of encoder and predictor epi,False,epi,0.3,,30000.0,1.0,20000.0,paper50,88.0,50
tw_epiboth_0.3,tworoom,ablation: mean of encoder and predictor epi,False,epi,0.3,,30000.0,1.0,30000.0,paper50,82.0,50
tw_epifa_0.03,tworoom,"ablation: full-anchor epi, frozen joint reservoir r(o_t,a_t) -> z_t+1",False,epi,0.03,,30000.0,1.0,30000.0,n200,99.5,200
tw_epifa_0.03,tworoom,"ablation: full-anchor epi, frozen joint reservoir r(o_t,a_t) -> z_t+1",False,epi,0.03,,30000.0,1.0,10000.0,paper50,54.0,50
tw_epifa_0.03,tworoom,"ablation: full-anchor epi, frozen joint reservoir r(o_t,a_t) -> z_t+1",False,epi,0.03,,30000.0,1.0,20000.0,paper50,100.0,50
tw_epifa_0.03,tworoom,"ablation: full-anchor epi, frozen joint reservoir r(o_t,a_t) -> z_t+1",False,epi,0.03,,30000.0,1.0,30000.0,paper50,100.0,50
tw_epifa_0.1,tworoom,"ablation: full-anchor epi, frozen joint reservoir r(o_t,a_t) -> z_t+1",False,epi,0.1,,30000.0,1.0,30000.0,n200,97.5,200
tw_epifa_0.1,tworoom,"ablation: full-anchor epi, frozen joint reservoir r(o_t,a_t) -> z_t+1",False,epi,0.1,,30000.0,1.0,10000.0,paper50,96.0,50
tw_epifa_0.1,tworoom,"ablation: full-anchor epi, frozen joint reservoir r(o_t,a_t) -> z_t+1",False,epi,0.1,,30000.0,1.0,20000.0,paper50,100.0,50
tw_epifa_0.1,tworoom,"ablation: full-anchor epi, frozen joint reservoir r(o_t,a_t) -> z_t+1",False,epi,0.1,,30000.0,1.0,30000.0,paper50,100.0,50
tw_epifa_0.1_seed2,tworoom,"ablation: full-anchor epi, frozen joint reservoir r(o_t,a_t) -> z_t+1",False,epi,0.1,,30000.0,2.0,30000.0,n200,94.5,200
tw_epifa_0.1_seed2,tworoom,"ablation: full-anchor epi, frozen joint reservoir r(o_t,a_t) -> z_t+1",False,epi,0.1,,30000.0,2.0,10000.0,paper50,98.0,50
tw_epifa_0.1_seed2,tworoom,"ablation: full-anchor epi, frozen joint reservoir r(o_t,a_t) -> z_t+1",False,epi,0.1,,30000.0,2.0,20000.0,paper50,98.0,50
tw_epifa_0.1_seed2,tworoom,"ablation: full-anchor epi, frozen joint reservoir r(o_t,a_t) -> z_t+1",False,epi,0.1,,30000.0,2.0,30000.0,paper50,96.0,50
tw_epifa_0.3,tworoom,"ablation: full-anchor epi, frozen joint reservoir r(o_t,a_t) -> z_t+1",False,epi,0.3,,30000.0,1.0,30000.0,n200,75.5,200
tw_epifa_0.3,tworoom,"ablation: full-anchor epi, frozen joint reservoir r(o_t,a_t) -> z_t+1",False,epi,0.3,,30000.0,1.0,10000.0,paper50,90.0,50
tw_epifa_0.3,tworoom,"ablation: full-anchor epi, frozen joint reservoir r(o_t,a_t) -> z_t+1",False,epi,0.3,,30000.0,1.0,20000.0,paper50,84.0,50
tw_epifa_0.3,tworoom,"ablation: full-anchor epi, frozen joint reservoir r(o_t,a_t) -> z_t+1",False,epi,0.3,,30000.0,1.0,30000.0,paper50,84.0,50
tw_epipredmlp_0.03,tworoom,"ablation: predictor epi, frozen MLP reservoir of z_t -> predicted z_t+1",False,epi,0.03,,30000.0,1.0,30000.0,n200,100.0,200
tw_epipredmlp_0.03,tworoom,"ablation: predictor epi, frozen MLP reservoir of z_t -> predicted z_t+1",False,epi,0.03,,30000.0,1.0,10000.0,paper50,34.0,50
tw_epipredmlp_0.03,tworoom,"ablation: predictor epi, frozen MLP reservoir of z_t -> predicted z_t+1",False,epi,0.03,,30000.0,1.0,20000.0,paper50,98.0,50
tw_epipredmlp_0.03,tworoom,"ablation: predictor epi, frozen MLP reservoir of z_t -> predicted z_t+1",False,epi,0.03,,30000.0,1.0,30000.0,paper50,100.0,50
tw_epipredmlp_0.1,tworoom,"ablation: predictor epi, frozen MLP reservoir of z_t -> predicted z_t+1",False,epi,0.1,,30000.0,1.0,30000.0,n200,71.0,200
tw_epipredmlp_0.1,tworoom,"ablation: predictor epi, frozen MLP reservoir of z_t -> predicted z_t+1",False,epi,0.1,,30000.0,1.0,10000.0,paper50,60.0,50
tw_epipredmlp_0.1,tworoom,"ablation: predictor epi, frozen MLP reservoir of z_t -> predicted z_t+1",False,epi,0.1,,30000.0,1.0,20000.0,paper50,74.0,50
tw_epipredmlp_0.1,tworoom,"ablation: predictor epi, frozen MLP reservoir of z_t -> predicted z_t+1",False,epi,0.1,,30000.0,1.0,30000.0,paper50,64.0,50
tw_epipredmlp_0.3,tworoom,"ablation: predictor epi, frozen MLP reservoir of z_t -> predicted z_t+1",False,epi,0.3,,30000.0,1.0,30000.0,n200,91.5,200
tw_epipredmlp_0.3,tworoom,"ablation: predictor epi, frozen MLP reservoir of z_t -> predicted z_t+1",False,epi,0.3,,30000.0,1.0,10000.0,paper50,60.0,50
tw_epipredmlp_0.3,tworoom,"ablation: predictor epi, frozen MLP reservoir of z_t -> predicted z_t+1",False,epi,0.3,,30000.0,1.0,20000.0,paper50,84.0,50
tw_epipredmlp_0.3,tworoom,"ablation: predictor epi, frozen MLP reservoir of z_t -> predicted z_t+1",False,epi,0.3,,30000.0,1.0,30000.0,paper50,92.0,50
tw_epipredmlp_1.0,tworoom,"ablation: predictor epi, frozen MLP reservoir of z_t -> predicted z_t+1",False,epi,1.0,,30000.0,1.0,30000.0,n200,44.5,200
tw_epipredmlp_1.0,tworoom,"ablation: predictor epi, frozen MLP reservoir of z_t -> predicted z_t+1",False,epi,1.0,,30000.0,1.0,10000.0,paper50,38.0,50
tw_epipredmlp_1.0,tworoom,"ablation: predictor epi, frozen MLP reservoir of z_t -> predicted z_t+1",False,epi,1.0,,30000.0,1.0,20000.0,paper50,50.0,50
tw_epipredmlp_1.0,tworoom,"ablation: predictor epi, frozen MLP reservoir of z_t -> predicted z_t+1",False,epi,1.0,,30000.0,1.0,30000.0,paper50,56.00000000000001,50
tw_sigreg_0.09,tworoom,sigreg: LeWM's SIGReg (our control),True,sigreg,,0.09,30000.0,1.0,10000.0,n200,90.5,200
tw_sigreg_0.09,tworoom,sigreg: LeWM's SIGReg (our control),True,sigreg,,0.09,30000.0,1.0,20000.0,n200,87.0,200
tw_sigreg_0.09,tworoom,sigreg: LeWM's SIGReg (our control),True,sigreg,,0.09,30000.0,1.0,30000.0,n200,86.5,200
tw_sigreg_0.09,tworoom,sigreg: LeWM's SIGReg (our control),True,sigreg,,0.09,30000.0,1.0,10000.0,paper50,92.0,50
tw_sigreg_0.09,tworoom,sigreg: LeWM's SIGReg (our control),True,sigreg,,0.09,30000.0,1.0,20000.0,paper50,88.0,50
tw_sigreg_0.09,tworoom,sigreg: LeWM's SIGReg (our control),True,sigreg,,0.09,30000.0,1.0,30000.0,paper50,88.0,50
tw_sigreg_0.09_seed2,tworoom,sigreg: LeWM's SIGReg (our control),True,sigreg,,0.09,30000.0,2.0,30000.0,n200,84.5,200
tw_sigreg_0.09_seed2,tworoom,sigreg: LeWM's SIGReg (our control),True,sigreg,,0.09,30000.0,2.0,10000.0,paper50,86.0,50
tw_sigreg_0.09_seed2,tworoom,sigreg: LeWM's SIGReg (our control),True,sigreg,,0.09,30000.0,2.0,20000.0,paper50,88.0,50
tw_sigreg_0.09_seed2,tworoom,sigreg: LeWM's SIGReg (our control),True,sigreg,,0.09,30000.0,2.0,30000.0,paper50,90.0,50
official_reacher,reacher,released LeWM checkpoint,True,sigreg,,,,,,n500,60.8,500
rch_sigreg_0.09,reacher,sigreg: LeWM's SIGReg (our control),True,sigreg,,0.09,60000.0,1.0,60000.0,n500,55.6,500
rch_epi_0.3_100k,reacher,epi: frozen CNN reservoir of o_t -> z_t (main method),True,epi,0.3,,100000.0,1.0,100000.0,n500,66.8,500
rch_epi_0.3,reacher,epi: frozen CNN reservoir of o_t -> z_t (main method),True,epi,0.3,,60000.0,1.0,60000.0,n500,57.6,500
rch_epi_0.3_seed2,reacher,epi: frozen CNN reservoir of o_t -> z_t (main method),True,epi,0.3,,60000.0,2.0,60000.0,n500,60.4,500
rch_epi_0.3_seed3,reacher,epi: frozen CNN reservoir of o_t -> z_t (main method),True,epi,0.3,,60000.0,3.0,60000.0,n500,56.4,500
official_cube,cube,released LeWM checkpoint,True,sigreg,,,,,,n500,66.0,500
cube_sigreg_0.09,cube,sigreg: LeWM's SIGReg (our control),True,sigreg,,0.09,60000.0,1.0,60000.0,n500,66.0,500
cube_epi_0.03,cube,epi: frozen CNN reservoir of o_t -> z_t (main method),True,epi,0.03,,60000.0,1.0,60000.0,n500,72.2,500
cube_epi_0.03_seed2,cube,epi: frozen CNN reservoir of o_t -> z_t (main method),True,epi,0.03,,60000.0,2.0,60000.0,n500,69.8,500
cube_epi_0.03_seed3,cube,epi: frozen CNN reservoir of o_t -> z_t (main method),True,epi,0.03,,60000.0,3.0,60000.0,n500,72.4,500
official_pusht,pusht,released LeWM checkpoint,True,sigreg,,,,,,n500,84.6,500
pusht_sigreg_0.09_60k,pusht,sigreg: LeWM's SIGReg (our control),True,sigreg,,0.09,60000.0,1.0,60000.0,n500,88.4,500
pusht_sigreg_0.09_60k_seed2,pusht,sigreg: LeWM's SIGReg (our control),True,sigreg,,0.09,60000.0,2.0,60000.0,n500,88.8,500
pusht_epi_0.1_60k,pusht,epi: frozen CNN reservoir of o_t -> z_t (main method),True,epi,0.1,,60000.0,1.0,60000.0,n500,88.4,500
pusht_epi_0.1_60k_seed2,pusht,epi: frozen CNN reservoir of o_t -> z_t (main method),True,epi,0.1,,60000.0,2.0,60000.0,n500,88.0,500
pusht_epi_0.1_60k_seed3,pusht,epi: frozen CNN reservoir of o_t -> z_t (main method),True,epi,0.1,,60000.0,3.0,60000.0,n500,89.0,500
official_tworoom,tworoom,released LeWM checkpoint,True,sigreg,,,,,,n500,82.8,500
tw_sigreg_0.09,tworoom,sigreg: LeWM's SIGReg (our control),True,sigreg,,0.09,30000.0,1.0,30000.0,n500,89.0,500
tw_sigreg_0.09_seed2,tworoom,sigreg: LeWM's SIGReg (our control),True,sigreg,,0.09,30000.0,2.0,30000.0,n500,86.8,500
tw_epi_0.03,tworoom,epi: frozen CNN reservoir of o_t -> z_t (main method),True,epi,0.03,,30000.0,1.0,30000.0,n500,100.0,500
tw_epi_0.03_seed2,tworoom,epi: frozen CNN reservoir of o_t -> z_t (main method),True,epi,0.03,,30000.0,2.0,30000.0,n500,100.0,500
tw_epi_0.03_seed3,tworoom,epi: frozen CNN reservoir of o_t -> z_t (main method),True,epi,0.03,,30000.0,3.0,30000.0,n500,99.8,500
rch_epi_0.3_100k_seed2,reacher,epi: frozen CNN reservoir of o_t -> z_t (main method),True,epi,0.3,,100000.0,2.0,100000.0,n500,60.0,500
rch_epi_0.3_100k_seed3,reacher,epi: frozen CNN reservoir of o_t -> z_t (main method),True,epi,0.3,,100000.0,3.0,100000.0,n500,63.4,500
rch_epi_0.3_200k,reacher,epi: frozen CNN reservoir of o_t -> z_t (main method),True,epi,0.3,,200000.0,1.0,200000.0,n500,76.6,500
cube_epi_0.03_100k,cube,epi: frozen CNN reservoir of o_t -> z_t (main method),True,epi,0.03,,100000.0,1.0,100000.0,n500,73.0,500
rch_epi_0.3_200k_seed3,reacher,epi: frozen CNN reservoir of o_t -> z_t (main method),True,epi,0.3,,200000.0,3.0,200000.0,n500,74.4,500
rch_epi_0.3_200k_seed2,reacher,epi: frozen CNN reservoir of o_t -> z_t (main method),True,epi,0.3,,200000.0,2.0,200000.0,n500,69.4,500
rch_sigreg_0.09_200k,reacher,sigreg: LeWM's SIGReg (our control),True,sigreg,,0.09,200000.0,1.0,200000.0,n500,63.6,500
rch_sigreg_0.09_200k_seed2,reacher,sigreg: LeWM's SIGReg (our control),True,sigreg,,0.09,200000.0,2.0,200000.0,n500,60.8,500
cube_sigreg_0.09_seed2,cube,sigreg: LeWM's SIGReg (our control),True,sigreg,,0.09,60000.0,2.0,60000.0,n500,65.0,500
official_tworoom,tworoom,released LeWM checkpoint,True,sigreg,,,,,,paper50,86.0,50
official_tworoom,tworoom,released LeWM checkpoint,True,sigreg,,,,,,n200,85.0,200
official_pusht,pusht,released LeWM checkpoint,True,sigreg,,,,,,paper50,96.0,50
official_pusht,pusht,released LeWM checkpoint,True,sigreg,,,,,,n200,83.5,200
official_cube,cube,released LeWM checkpoint,True,sigreg,,,,,,paper50,68.0,50
official_cube,cube,released LeWM checkpoint,True,sigreg,,,,,,n200,63.0,200
official_reacher,reacher,released LeWM checkpoint,True,sigreg,,,,,,paper50,52.0,50
official_reacher,reacher,released LeWM checkpoint,True,sigreg,,,,,,n200,62.0,200
